{"action": {"mean": [-0.0007961558876559138, -0.0013495002640411258, -0.009431461803615093, 0.0, 0.0, 0.0, -0.40329688787460327], "std": [0.024961600080132484, 0.01726510003209114, 0.0452486015856266, 0.0, 0.0, 0.0, 0.9150487184524536], "max": [0.09284012019634247, 0.07421310245990753, 0.10784874856472015, 0.0, 0.0, 0.0, 1.0], "min": [-0.10259060561656952, -0.07244138419628143, -0.09243211150169373, 0.0, 0.0, 0.0, -1.0], "q01": [-0.06993118301033974, -0.048484696075320244, -0.07781593516469001, 0.0, 0.0, 0.0, -1.0], "q99": [0.05688359953463075, 0.052039962112903584, 0.10297131225466728, 0.0, 0.0, 0.0, 1.0]}, "proprio": {"mean": [0.0, 0.0, 0.0, 0.0, 0.0, 0.0, 0.0], "std": [0.0, 0.0, 0.0, 0.0, 0.0, 0.0, 0.0], "max": [0.0, 0.0, 0.0, 0.0, 0.0, 0.0, 0.0], "min": [0.0, 0.0, 0.0, 0.0, 0.0, 0.0, 0.0], "q01": [0.0, 0.0, 0.0, 0.0, 0.0, 0.0, 0.0], "q99": [0.0, 0.0, 0.0, 0.0, 0.0, 0.0, 0.0]}, "num_transitions": 6127, "num_trajectories": 100}